token_address,receiver,amount
0x0B4470515228625ef51E6DB32699989046fCE4De,0xec3281124d4c2fca8a88e3076c1e7749cfecb7f2,44.004550152384667905
0x0B4470515228625ef51E6DB32699989046fCE4De,0xdd395050ac923466d3fa97d41739a4ab6b49e9f5,1332.649708706341950396
0x0B4470515228625ef51E6DB32699989046fCE4De,0xdfe435ade40bbf7476a0847d5ae6b1df9bd5ba30,3063.18219204032515514
0x0B4470515228625ef51E6DB32699989046fCE4De,0xe11fc0b43ab98eb91e9836129d1ee7c3bc95df50,0.00150968789977859
0x0B4470515228625ef51E6DB32699989046fCE4De,0xdf0259238271427c469abc18a2cb3047d5c12466,339.579179617294322537
0x0B4470515228625ef51E6DB32699989046fCE4De,0xa5163ce5331413715c1023f28499cbdc9a8b8b3e,1029.182859795754125428